contig	position	variantID	refAllele	altAllele	refCount	altCount	totalCount	lowMAPQDepth	lowBaseQDepth	rawDepth	otherBases	improperPairs
chr19	804642	.	C	T	0	2	2	0	15	17	0	0
chr19	1088319	.	C	T	0	0	0	0	8	8	0	0
chr19	2037847	.	A	C	1	0	1	2	30	33	0	0
chr19	2071731	.	G	A	0	0	0	0	19	19	0	0
chr19	3982969	.	G	A	0	0	0	0	75	75	0	0
chr19	6495212	.	C	T	0	1	1	0	19	20	0	0
chr19	6495218	.	G	A	0	0	0	0	20	20	0	0
chr19	6495302	.	C	T	0	0	0	1	33	34	0	0
chr19	6495314	.	C	G	0	1	1	1	32	34	0	0
chr19	6495326	.	G	C	1	1	2	1	29	32	0	0
chr19	6495329	.	C	G	3	0	3	1	25	29	0	0
chr19	6495341	.	C	A	0	0	0	1	23	24	0	0
chr19	6495353	.	G	C	0	0	0	1	23	24	0	0
chr19	6495368	.	C	G	0	0	0	0	23	23	0	0
chr19	6495383	.	C	T	0	0	0	0	23	23	0	0
chr19	6495389	.	G	A	1	0	1	0	18	19	0	0
chr19	6495395	.	G	A	0	0	0	0	19	19	0	0
chr19	6495547	.	G	T	1	0	1	0	12	13	0	0
chr19	6495560	.	C	A	0	0	0	0	9	9	0	0
chr19	6495578	.	G	A	0	0	0	0	10	10	0	0
chr19	6495584	.	C	G	0	6	6	0	7	13	0	0
chr19	6495613	.	C	A	0	0	0	0	17	17	0	0
chr19	6495614	.	A	G	0	0	0	0	17	17	0	0
chr19	6495617	.	G	A	0	0	0	0	18	18	0	0
chr19	6495644	.	C	G	0	0	0	0	18	18	0	0
chr19	6495647	.	C	G	0	0	0	0	19	19	0	0
chr19	6495683	.	G	T	1	0	1	0	11	12	0	0
chr19	6495686	.	T	G	0	1	1	0	11	12	0	0
chr19	6495689	.	G	A	0	0	0	0	14	14	0	0
chr19	6495746	.	G	C	0	1	1	0	10	11	0	0
chr19	6495758	.	G	A	0	0	0	0	11	11	0	0
chr19	6495761	.	C	G	1	0	1	0	10	11	0	0
chr19	6495770	.	C	T	1	0	1	0	9	10	0	0
chr19	7666368	.	G	A	0	0	0	0	50	50	0	0
chr19	7666369	.	T	G	0	0	0	0	51	51	0	0
chr19	7692485	.	A	G	0	0	0	0	3	3	0	0
chr19	7692493	.	A	G	0	0	0	0	3	3	0	0
chr19	7692500	.	G	A	0	0	0	0	3	3	0	0
chr19	7692501	.	C	T	0	0	0	0	3	3	0	0
chr19	7698362	.	G	A	2	0	2	0	18	20	0	0
chr19	10115580	.	A	G	0	0	0	0	16	16	0	0
chr19	10259814	.	T	A	0	1	1	0	2	3	0	0
chr19	11553253	.	A	G	0	1	1	0	3	4	0	0
chr19	12284567	.	C	T	0	1	1	6	108	115	0	0
chr19	12943967	.	G	T	1	0	1	0	26	27	0	0
chr19	18173841	.	G	T	0	0	0	0	20	20	0	0
chr19	18178000	.	A	G	1	0	1	0	9	10	0	0
chr19	18575154	.	G	T	1	0	1	0	37	38	0	0
chr19	23827154	.	C	T	0	0	0	2	99	101	0	0
chr19	24000985	.	A	G	0	0	0	0	4	4	0	0
chr19	24000987	.	G	A	0	0	0	0	3	3	0	0
chr19	37696606	.	T	C	0	0	0	0	2	2	0	0
chr19	38729140	.	T	C	0	0	0	0	9	9	0	0
chr19	41353016	.	G	A	0	1	1	0	7	9	0	1
chr19	41422747	.	C	T	0	0	0	0	4	4	0	0
chr19	53775799	.	G	C	0	1	1	1	39	41	0	0
chr19	55385959	.	A	G	0	7	7	0	42	49	0	0
